tamano,caso,repeticion,tiempo_segundos
100,Mejor Caso,1,0.00009462
100,Mejor Caso,2,0.00009240
100,Mejor Caso,3,0.00008993
100,Mejor Caso,4,0.00073838
100,Mejor Caso,5,0.00030167
100,Mejor Caso,6,0.00008933
100,Mejor Caso,7,0.00025159
100,Mejor Caso,8,0.00008865
100,Mejor Caso,9,0.00009913
100,Mejor Caso,10,0.00009312
100,Mejor Caso,11,0.00009429
100,Mejor Caso,12,0.00009604
100,Mejor Caso,13,0.00009397
100,Mejor Caso,14,0.00010776
100,Mejor Caso,15,0.00009184
100,Mejor Caso,16,0.00008611
100,Mejor Caso,17,0.00008534
100,Mejor Caso,18,0.00008639
100,Mejor Caso,19,0.00021523
100,Mejor Caso,20,0.00008738
100,Mejor Caso,21,0.00010033
100,Mejor Caso,22,0.00008910
100,Mejor Caso,23,0.00009704
100,Mejor Caso,24,0.00022343
100,Mejor Caso,25,0.00009325
100,Mejor Caso,26,0.00009415
100,Mejor Caso,27,0.00009405
100,Mejor Caso,28,0.00009327
100,Mejor Caso,29,0.00009683
100,Mejor Caso,30,0.00009602
200,Mejor Caso,1,0.00027767
200,Mejor Caso,2,0.00043568
200,Mejor Caso,3,0.00026266
200,Mejor Caso,4,0.00026152
200,Mejor Caso,5,0.00025988
200,Mejor Caso,6,0.00029041
200,Mejor Caso,7,0.00042831
200,Mejor Caso,8,0.00026609
200,Mejor Caso,9,0.00051782
200,Mejor Caso,10,0.00036444
200,Mejor Caso,11,0.00051060
200,Mejor Caso,12,0.00022365
200,Mejor Caso,13,0.00045383
200,Mejor Caso,14,0.00032829
200,Mejor Caso,15,0.00045838
200,Mejor Caso,16,0.00020934
200,Mejor Caso,17,0.00024398
200,Mejor Caso,18,0.00030065
200,Mejor Caso,19,0.00037843
200,Mejor Caso,20,0.00034709
200,Mejor Caso,21,0.00043358
200,Mejor Caso,22,0.00036228
200,Mejor Caso,23,0.00033601
200,Mejor Caso,24,0.00035566
200,Mejor Caso,25,0.00030528
200,Mejor Caso,26,0.00021577
200,Mejor Caso,27,0.00022363
200,Mejor Caso,28,0.00031419
200,Mejor Caso,29,0.00032871
200,Mejor Caso,30,0.00035062
500,Mejor Caso,1,0.00207225
500,Mejor Caso,2,0.00184035
500,Mejor Caso,3,0.00184952
500,Mejor Caso,4,0.00183088
500,Mejor Caso,5,0.00184067
500,Mejor Caso,6,0.00183862
500,Mejor Caso,7,0.00209529
500,Mejor Caso,8,0.00175403
500,Mejor Caso,9,0.00122812
500,Mejor Caso,10,0.00182045
500,Mejor Caso,11,0.00196532
500,Mejor Caso,12,0.00153149
500,Mejor Caso,13,0.00215632
500,Mejor Caso,14,0.00252768
500,Mejor Caso,15,0.00137535
500,Mejor Caso,16,0.00167954
500,Mejor Caso,17,0.00159676
500,Mejor Caso,18,0.00118190
500,Mejor Caso,19,0.00143863
500,Mejor Caso,20,0.00222861
500,Mejor Caso,21,0.00147549
500,Mejor Caso,22,0.00140857
500,Mejor Caso,23,0.00119536
500,Mejor Caso,24,0.00121958
500,Mejor Caso,25,0.00133074
500,Mejor Caso,26,0.00145002
500,Mejor Caso,27,0.00136566
500,Mejor Caso,28,0.00155342
500,Mejor Caso,29,0.00131460
500,Mejor Caso,30,0.00244070
1000,Mejor Caso,1,0.00576453
1000,Mejor Caso,2,0.00667974
1000,Mejor Caso,3,0.00625287
1000,Mejor Caso,4,0.00635684
1000,Mejor Caso,5,0.00599621
1000,Mejor Caso,6,0.00489546
1000,Mejor Caso,7,0.00497448
1000,Mejor Caso,8,0.00382269
1000,Mejor Caso,9,0.00478584
1000,Mejor Caso,10,0.00472429
1000,Mejor Caso,11,0.00412296
1000,Mejor Caso,12,0.00649344
1000,Mejor Caso,13,0.00775726
1000,Mejor Caso,14,0.00525984
1000,Mejor Caso,15,0.00530841
1000,Mejor Caso,16,0.00430100
1000,Mejor Caso,17,0.00639943
1000,Mejor Caso,18,0.00520354
1000,Mejor Caso,19,0.00561639
1000,Mejor Caso,20,0.00460641
1000,Mejor Caso,21,0.00476514
1000,Mejor Caso,22,0.00477703
1000,Mejor Caso,23,0.00532547
1000,Mejor Caso,24,0.00461601
1000,Mejor Caso,25,0.00489077
1000,Mejor Caso,26,0.00584608
1000,Mejor Caso,27,0.00610583
1000,Mejor Caso,28,0.00560923
1000,Mejor Caso,29,0.00559876
1000,Mejor Caso,30,0.00499901
2000,Mejor Caso,1,0.01788744
2000,Mejor Caso,2,0.01723242
2000,Mejor Caso,3,0.01455081
2000,Mejor Caso,4,0.01701230
2000,Mejor Caso,5,0.01594406
2000,Mejor Caso,6,0.01610204
2000,Mejor Caso,7,0.01564200
2000,Mejor Caso,8,0.01726930
2000,Mejor Caso,9,0.01617958
2000,Mejor Caso,10,0.01690242
2000,Mejor Caso,11,0.01675146
2000,Mejor Caso,12,0.01564328
2000,Mejor Caso,13,0.01835750
2000,Mejor Caso,14,0.01710224
2000,Mejor Caso,15,0.01580399
2000,Mejor Caso,16,0.01929001
2000,Mejor Caso,17,0.01559451
2000,Mejor Caso,18,0.01351152
2000,Mejor Caso,19,0.01773109
2000,Mejor Caso,20,0.01632208
2000,Mejor Caso,21,0.01637838
2000,Mejor Caso,22,0.01597045
2000,Mejor Caso,23,0.01633756
2000,Mejor Caso,24,0.01624089
2000,Mejor Caso,25,0.01773024
2000,Mejor Caso,26,0.01726829
2000,Mejor Caso,27,0.01389742
2000,Mejor Caso,28,0.01732847
2000,Mejor Caso,29,0.01593481
2000,Mejor Caso,30,0.01532690
100,Promedio,1,0.00018784
100,Promedio,2,0.00051438
100,Promedio,3,0.00010917
100,Promedio,4,0.00024388
100,Promedio,5,0.00015823
100,Promedio,6,0.00012798
100,Promedio,7,0.00025489
100,Promedio,8,0.00012248
100,Promedio,9,0.00012534
100,Promedio,10,0.00008554
100,Promedio,11,0.00008028
100,Promedio,12,0.00009090
100,Promedio,13,0.00008326
100,Promedio,14,0.00008242
100,Promedio,15,0.00009835
100,Promedio,16,0.00008612
100,Promedio,17,0.00008578
100,Promedio,18,0.00008364
100,Promedio,19,0.00008631
100,Promedio,20,0.00010493
100,Promedio,21,0.00008592
100,Promedio,22,0.00012046
100,Promedio,23,0.00028828
100,Promedio,24,0.00011757
100,Promedio,25,0.00011921
100,Promedio,26,0.00025383
100,Promedio,27,0.00012715
100,Promedio,28,0.00014641
100,Promedio,29,0.00011985
100,Promedio,30,0.00011194
200,Promedio,1,0.00025481
200,Promedio,2,0.00034865
200,Promedio,3,0.00025234
200,Promedio,4,0.00019878
200,Promedio,5,0.00027736
200,Promedio,6,0.00025628
200,Promedio,7,0.00025530
200,Promedio,8,0.00039581
200,Promedio,9,0.00020253
200,Promedio,10,0.00036525
200,Promedio,11,0.00026577
200,Promedio,12,0.00042150
200,Promedio,13,0.00030168
200,Promedio,14,0.00022520
200,Promedio,15,0.00019304
200,Promedio,16,0.00021946
200,Promedio,17,0.00024015
200,Promedio,18,0.00037780
200,Promedio,19,0.00047066
200,Promedio,20,0.00034826
200,Promedio,21,0.00046025
200,Promedio,22,0.00028096
200,Promedio,23,0.00054005
200,Promedio,24,0.00025117
200,Promedio,25,0.00028973
200,Promedio,26,0.00030373
200,Promedio,27,0.00023622
200,Promedio,28,0.00021091
200,Promedio,29,0.00035187
200,Promedio,30,0.00028986
500,Promedio,1,0.00074299
500,Promedio,2,0.00089194
500,Promedio,3,0.00114520
500,Promedio,4,0.00085623
500,Promedio,5,0.00100765
500,Promedio,6,0.00084978
500,Promedio,7,0.00085672
500,Promedio,8,0.00101666
500,Promedio,9,0.00074268
500,Promedio,10,0.00076675
500,Promedio,11,0.00091266
500,Promedio,12,0.00089484
500,Promedio,13,0.00112316
500,Promedio,14,0.00072064
500,Promedio,15,0.00074944
500,Promedio,16,0.00113749
500,Promedio,17,0.00055851
500,Promedio,18,0.00084571
500,Promedio,19,0.00061052
500,Promedio,20,0.00073868
500,Promedio,21,0.00082808
500,Promedio,22,0.00068537
500,Promedio,23,0.00101467
500,Promedio,24,0.00073897
500,Promedio,25,0.00098481
500,Promedio,26,0.00121770
500,Promedio,27,0.00097692
500,Promedio,28,0.00082882
500,Promedio,29,0.00082211
500,Promedio,30,0.00076658
1000,Promedio,1,0.00180015
1000,Promedio,2,0.00202599
1000,Promedio,3,0.00217202
1000,Promedio,4,0.00184101
1000,Promedio,5,0.00265863
1000,Promedio,6,0.00186546
1000,Promedio,7,0.00196742
1000,Promedio,8,0.00214167
1000,Promedio,9,0.00219423
1000,Promedio,10,0.00223913
1000,Promedio,11,0.00249342
1000,Promedio,12,0.00204751
1000,Promedio,13,0.00186214
1000,Promedio,14,0.00234659
1000,Promedio,15,0.00201537
1000,Promedio,16,0.00161020
1000,Promedio,17,0.00165134
1000,Promedio,18,0.00190092
1000,Promedio,19,0.00198695
1000,Promedio,20,0.00163311
1000,Promedio,21,0.00168647
1000,Promedio,22,0.00155293
1000,Promedio,23,0.00167545
1000,Promedio,24,0.00158002
1000,Promedio,25,0.00238326
1000,Promedio,26,0.00159219
1000,Promedio,27,0.00203602
1000,Promedio,28,0.00167540
1000,Promedio,29,0.00199827
1000,Promedio,30,0.00166169
2000,Promedio,1,0.00534870
2000,Promedio,2,0.00414358
2000,Promedio,3,0.01022901
2000,Promedio,4,0.00438750
2000,Promedio,5,0.00401393
2000,Promedio,6,0.00359718
2000,Promedio,7,0.00650407
2000,Promedio,8,0.00451589
2000,Promedio,9,0.00529545
2000,Promedio,10,0.00537471
2000,Promedio,11,0.00485649
2000,Promedio,12,0.00497085
2000,Promedio,13,0.00422621
2000,Promedio,14,0.00697970
2000,Promedio,15,0.00599293
2000,Promedio,16,0.00523788
2000,Promedio,17,0.00409490
2000,Promedio,18,0.00447203
2000,Promedio,19,0.00521781
2000,Promedio,20,0.00414745
2000,Promedio,21,0.00553791
2000,Promedio,22,0.00505506
2000,Promedio,23,0.00483460
2000,Promedio,24,0.00479921
2000,Promedio,25,0.00571775
2000,Promedio,26,0.00568640
2000,Promedio,27,0.00422572
2000,Promedio,28,0.00522237
2000,Promedio,29,0.00573983
2000,Promedio,30,0.00413005
100,Peor Caso,1,0.00066502
100,Peor Caso,2,0.00144466
100,Peor Caso,3,0.00051455
100,Peor Caso,4,0.00059863
100,Peor Caso,5,0.00057599
100,Peor Caso,6,0.00106140
100,Peor Caso,7,0.00049831
100,Peor Caso,8,0.00038944
100,Peor Caso,9,0.00041351
100,Peor Caso,10,0.00057367
100,Peor Caso,11,0.00047814
100,Peor Caso,12,0.00036172
100,Peor Caso,13,0.00055320
100,Peor Caso,14,0.00037651
100,Peor Caso,15,0.00056763
100,Peor Caso,16,0.00081899
100,Peor Caso,17,0.00036124
100,Peor Caso,18,0.00047355
100,Peor Caso,19,0.00054307
100,Peor Caso,20,0.00056045
100,Peor Caso,21,0.00040457
100,Peor Caso,22,0.00049166
100,Peor Caso,23,0.00050556
100,Peor Caso,24,0.00037800
100,Peor Caso,25,0.00057109
100,Peor Caso,26,0.00036240
100,Peor Caso,27,0.00039988
100,Peor Caso,28,0.00099281
100,Peor Caso,29,0.00049286
100,Peor Caso,30,0.00192174
200,Peor Caso,1,0.00358041
200,Peor Caso,2,0.00166837
200,Peor Caso,3,0.00272740
200,Peor Caso,4,0.00203888
200,Peor Caso,5,0.00168634
200,Peor Caso,6,0.00197626
200,Peor Caso,7,0.00138369
200,Peor Caso,8,0.00160565
200,Peor Caso,9,0.00178775
200,Peor Caso,10,0.00232313
200,Peor Caso,11,0.00240435
200,Peor Caso,12,0.00250084
200,Peor Caso,13,0.00266956
200,Peor Caso,14,0.00237191
200,Peor Caso,15,0.00232892
200,Peor Caso,16,0.00203164
200,Peor Caso,17,0.00171771
200,Peor Caso,18,0.00291933
200,Peor Caso,19,0.00264062
200,Peor Caso,20,0.00200153
200,Peor Caso,21,0.00242089
200,Peor Caso,22,0.00218213
200,Peor Caso,23,0.00204037
200,Peor Caso,24,0.00231344
200,Peor Caso,25,0.00209845
200,Peor Caso,26,0.00223548
200,Peor Caso,27,0.00190361
200,Peor Caso,28,0.00205925
200,Peor Caso,29,0.00203270
200,Peor Caso,30,0.00231607
500,Peor Caso,1,0.01347413
500,Peor Caso,2,0.01414229
500,Peor Caso,3,0.01162525
500,Peor Caso,4,0.01211411
500,Peor Caso,5,0.01348446
500,Peor Caso,6,0.01575002
500,Peor Caso,7,0.01292463
500,Peor Caso,8,0.01133189
500,Peor Caso,9,0.01180761
500,Peor Caso,10,0.01339212
500,Peor Caso,11,0.01473943
500,Peor Caso,12,0.01601035
500,Peor Caso,13,0.01353019
500,Peor Caso,14,0.01460859
500,Peor Caso,15,0.01320210
500,Peor Caso,16,0.01345104
500,Peor Caso,17,0.01235578
500,Peor Caso,18,0.01424092
500,Peor Caso,19,0.01314919
500,Peor Caso,20,0.01104330
500,Peor Caso,21,0.01318783
500,Peor Caso,22,0.01476391
500,Peor Caso,23,0.01367042
500,Peor Caso,24,0.01143128
500,Peor Caso,25,0.01229499
500,Peor Caso,26,0.01325904
500,Peor Caso,27,0.01234612
500,Peor Caso,28,0.01168742
500,Peor Caso,29,0.01337079
500,Peor Caso,30,0.01272965
1000,Peor Caso,1,0.04795894
1000,Peor Caso,2,0.05191249
1000,Peor Caso,3,0.05148623
1000,Peor Caso,4,0.04881879
1000,Peor Caso,5,0.05291921
1000,Peor Caso,6,0.05169577
1000,Peor Caso,7,0.05011340
1000,Peor Caso,8,0.04946993
1000,Peor Caso,9,0.05133678
1000,Peor Caso,10,0.05060550
1000,Peor Caso,11,0.04902610
1000,Peor Caso,12,0.05301336
1000,Peor Caso,13,0.05217821
1000,Peor Caso,14,0.04879626
1000,Peor Caso,15,0.05150212
1000,Peor Caso,16,0.04956013
1000,Peor Caso,17,0.04935880
1000,Peor Caso,18,0.05307663
1000,Peor Caso,19,0.04991508
1000,Peor Caso,20,0.04926144
1000,Peor Caso,21,0.05019583
1000,Peor Caso,22,0.05046188
1000,Peor Caso,23,0.05051358
1000,Peor Caso,24,0.05173895
1000,Peor Caso,25,0.05037063
1000,Peor Caso,26,0.05152802
1000,Peor Caso,27,0.05358354
1000,Peor Caso,28,0.05090174
1000,Peor Caso,29,0.05724340
1000,Peor Caso,30,0.04995239
2000,Peor Caso,1,0.19388525
2000,Peor Caso,2,0.19197582
2000,Peor Caso,3,0.19574151
2000,Peor Caso,4,0.19013815
2000,Peor Caso,5,0.18885849
2000,Peor Caso,6,0.18964774
2000,Peor Caso,7,0.19374903
2000,Peor Caso,8,0.19925142
2000,Peor Caso,9,0.18850214
2000,Peor Caso,10,0.19203348
2000,Peor Caso,11,0.19533396
2000,Peor Caso,12,0.19508670
2000,Peor Caso,13,0.19937703
2000,Peor Caso,14,0.19480545
2000,Peor Caso,15,0.19815850
2000,Peor Caso,16,0.19689028
2000,Peor Caso,17,0.19167942
2000,Peor Caso,18,0.20383532
2000,Peor Caso,19,0.20066741
2000,Peor Caso,20,0.19661517
2000,Peor Caso,21,0.19740948
2000,Peor Caso,22,0.18902823
2000,Peor Caso,23,0.19722223
2000,Peor Caso,24,0.18987063
2000,Peor Caso,25,0.19491046
2000,Peor Caso,26,0.20059998
2000,Peor Caso,27,0.21383646
2000,Peor Caso,28,0.20528235
2000,Peor Caso,29,0.18941446
2000,Peor Caso,30,0.22777588
